Title,Russian Keywords,Annotation,Link,Title_found_phrases,Russian Keywords_found_phrases,Annotation_found_phrases
"['вид', 'растение', 'животное', 'южный', 'происхождение', 'междуречье', 'вага', 'северный', 'двина']","['средний', 'тайга', 'северный', 'граница', 'ареал', 'биоразнообразие', 'экосистема', 'среднетаежный', 'экосистема', 'архангельский', 'область']","['статья', 'рассмотреть', 'особенность', 'распространение', 'вид', 'растение', 'животное', 'южный', 'происхождение', 'обитать', 'вблизи', 'северный', 'граница', 'ареал', 'среднетаежный', 'экосистема', 'архангельский', 'область', 'междуречье', 'вага', 'северный', 'двина', 'изучение', 'распространение', 'вид', 'растение', 'животное', 'вблизи', 'граница', 'ареал', 'давать', 'необходимый', 'сведение', 'оценка', 'состояние', 'биоразнообразие', 'экосистема', 'прогнозирование', 'изменение', 'условие', 'среда', 'масштаб', 'антропогенный', 'деятельность', 'сделать', 'вывод', 'характер', 'распространение', 'экологический', 'особенность', 'активность', 'роль', 'сообщество', 'семь', 'вид', 'сосудистый', 'растение', 'также', 'распространение', 'девять', 'вид', 'млекопитающее', 'южный', 'происхождение', 'неморальный', 'вид', 'растение', 'существующий', 'северный', 'форпост', 'благодаря', 'эдафический', 'условие', 'занимать', 'довольно', 'устойчивый', 'положение', 'ценоз', 'выявить', 'довольно', 'высокий', 'положительный', 'сопряженность', 'коэффициент', 'коул', 'совместный', 'произрастание', 'вид', 'неморальный', 'эколого', 'ценотический', 'группа', 'живучка', 'копытень', 'медуница', 'лютик', 'кашубский', 'липа', 'мелколистный', 'отметить', 'повышенный', 'ботанический', 'разнообразие', 'ценоз', 'состав', 'который', 'участвовать', 'вид', 'южный', 'происхождение', 'выявить', 'расселение', 'вид', 'млекопитающее', 'южный', 'происхождение', 'связать', 'местообитание', 'возникнуть', 'результат', 'сведение', 'лес', 'распашка', 'территория', 'появление', 'поселение', 'человек', 'состояние', 'популяция', 'животное', 'северный', 'граница', 'ареал', 'менее', 'стабильно', 'численность', 'масштаб', 'расселение', 'напрямую', 'зависеть', 'деятельность', 'человек', 'образ', 'антропогенный', 'преобразование', 'среднетаежный', 'ландшафт', 'центральный', 'сектор', 'европейский', 'тайга', 'способствовать', 'продвижение', 'ряд', 'вид', 'север', 'важно', 'учитывать', 'возможный', 'климатический', 'изменение']",https://cyberleninka.ru/article/n/vidy-rasteniy-i-zhivotnyh-yuzhnogo-proishozhdeniya-v-mezhdurechie-vagi-i-severnoy-dviny,,,климатический изменение
"['динамика', 'содержание', 'запас', 'углерод', 'гумус', 'пахотный', 'подзолистый', 'почва', 'подзон', 'южный', 'тайга', 'кировский', 'область']","['почва', 'запас', 'углерод', 'гумус', 'лабильный', 'углерод', 'сезонный', 'динамика']","['представить', 'данные', 'двухлетний', 'наблюдение', 'сезонный', 'динамика', 'содержание', 'запас', 'общий', 'лабильный', 'углерод', 'гумусовый', 'вещество', 'пахотный', 'вариант', 'подзолистый', 'почва', 'южный', 'тайга', 'выявить', 'пахотный', 'почва', 'содержать', 'незначительный', 'количество', 'углерод', 'гумус', 'содержание', 'запас', 'существенно', 'варьировать', 'глубина', 'почвенный', 'профиль', 'течение', 'вегетационный', 'сезон', 'характер', 'динамик', 'содержание', 'запас', 'общий', 'углерод', 'гумус', 'различный', 'разный', 'год', 'минимальный', 'показатель', 'запас', 'органический', 'углерод', 'гумус', 'характерный', 'правило', 'начало', 'вегетационный', 'сезон', 'максимальный', 'второй', 'половина', 'вегетационный', 'сезон', 'больший', 'амплитуда', 'колебание', 'содержание', 'углерод', 'наблюдаться', 'пахотный', 'горизонт', 'сравнение', 'нижележащий', 'углерод', 'лабильный', 'соединение', 'отметить', 'общий', 'тренд', 'уменьшение', 'содержание', 'начало', 'конец', 'сезон', 'содержание', 'углерод', 'гумус', 'почва', 'течение', 'сезон', 'значительно', 'влиять', 'гидротермический', 'условие', 'целое', 'система', 'почвенный', 'органический', 'вещество', 'пахотный', 'подзолистый', 'почва', 'характеризоваться', 'весьма', 'динамичный', 'неустойчивый']",https://cyberleninka.ru/article/n/dinamika-soderzhaniya-i-zapasov-ugleroda-gumusa-v-pahotnyh-podzolistyh-pochvah-podzony-yuzhnoy-taygi-kirovskoy-oblasti,запас углерод,запас углерод,
"['распределение', 'некоторый', 'черта', 'биология', 'динамика', 'улов', 'желтоперый', 'четырехбугорчатый', 'сахалинский', 'колючий', 'камбала', 'тихоокеанский', 'вода', 'северный', 'курильский', 'остров', 'юго', 'восточный', 'камчатка']","['желтоперый', 'камбала', 'четырехбугорчатый', 'желтобрюхий', 'камбала', 'сахалинский', 'камбала', 'колючий', 'камбала', 'распределение', 'сопутствовать', 'вид', 'размерный', 'состав', 'динамика', 'улов', 'тихоокеанский', 'вод', 'северный', 'курильский', 'остров', 'юго', 'восточный', 'камчатка']","['представить', 'новый', 'данные', 'встречаемость', 'пространственный', 'вертикальный', 'распределение', 'колючий', 'сахалинский', 'желтоперый', 'четырехбугорчатый', 'желтобрюхий', 'камбала', 'тихоокеанский', 'вода', 'северный', 'курильский', 'остров', 'юго', 'восточный', 'камчатка', 'весь', 'вид', 'характерный', 'практический', 'отсутствие', 'улов', 'южный', 'четвертый', 'курильский', 'пролив', 'желтоперый', 'желтобрюхий', 'камбала', 'отмечаться', 'непрерывно', 'вдоль', 'побережье', 'парамушир', 'юго', 'восточный', 'камчатка', 'максимальный', 'улов', 'юго', 'восточный', 'камчатка', 'траверз', 'первый', 'второй', 'курильский', 'пролив', 'максимальный', 'улов', 'сахалинский', 'колючий', 'камбала', 'зарегистрировать', 'участок', 'прилегать', 'первый', 'курильский', 'второй', 'курильский', 'пролив', 'особенность', 'вертикальный', 'распределение', 'колючий', 'желтоперый', 'камбала', 'принципиально', 'ничто', 'отличаться', 'таковой', 'часть', 'ареал', 'сахалинский', 'желтобрюхий', 'камбала', 'район', 'исследование', 'шельф', 'плохо', 'выраженный', 'отметить', 'несколько', 'бóльший', 'глубина', 'сравнение', 'район', 'вероятно', 'обусловить', 'особенность', 'рельеф', 'дно', 'частый', 'весь', 'сопутствующий', 'рассматривать', 'вид', 'камбала', 'улов', 'являться', 'тихоокеанский', 'треск', 'широколобый', 'шлемоносец', 'белобрюхий', 'пестрый', 'получешуйник', 'узкозубый', 'палтусовидный', 'северный', 'двухлинейный', 'камбала', 'многоиглый', 'керчак', 'северный', 'одноперый', 'терпуг', 'минтай', 'сходство', 'видовой', 'состав', 'улов', 'определяться', 'сходный', 'характер', 'пространственный', 'вертикальный', 'распределение', 'рассматривать', 'вид', 'сезонный', 'изменение', 'глубина', 'обитание', 'особенность', 'размерный', 'состав', 'свидетельствовать', 'колючий', 'сахалинский', 'камбала', 'район', 'исследование', 'вероятно', 'мигрировать', 'нагул', 'вода', 'юго', 'западный', 'камчатка', 'желтоперый', 'желтобрюхий', 'камбала', 'проходить', 'полный', 'жизненный', 'цикл', 'включая', 'нерест', 'встречаемость', 'величина', 'улов', 'весь', 'исследовать', 'вид', 'камбала', 'подверженный', 'многолетний', 'сезонный', 'суточный', 'динамика', 'межгодовой', 'долгопериодный', 'колебание', 'рассматривать', 'показатель', 'вероятно', 'обусловить', 'климатический', 'изменение', 'влияние', 'промысел', 'сезонный', 'изменение', 'связать', 'смена', 'физиологический', 'состояние', 'особь', 'нерест', 'нагул', 'зимовка', 'суточный', 'большинство', 'случай', 'пик', 'пищевой', 'активность']",https://cyberleninka.ru/article/n/raspredelenie-nekotorye-cherty-biologii-i-dinamika-ulovov-zheltoperoy-chetyrehbugorchatoy-sahalinskoy-i-kolyuchey-kambal-v,,,климатический изменение
"['флора', 'некоторый', 'район', 'западный', 'часть', 'шпицберген', 'начало', 'вегетационный', 'период']","['вегетационный', 'период', 'островной', 'флора', 'архипелаг', 'шпицберген']","['статья', 'рассмотреть', 'результат', 'работа', 'сотрудник', 'научно', 'исследовательский', 'центр', 'викинг', 'институт', 'экологический', 'проблема', 'север', 'ран', 'участвовать', 'комплексный', 'экспедиция', 'рамка', 'проект', 'плавучий', 'университет', 'поддержка', 'всероссийский', 'общественный', 'организация', 'русский', 'географический', 'общество', 'экспедиция', 'проходить', 'июнь', 'год', 'архипелаг', 'шпицберген', 'провести', 'геоботанический', 'исследование', 'запад', 'шпицберген', 'населить', 'пункт', 'лонгйир', 'олесунна', 'баренцбург', 'окрестность', 'начало', 'вегетационный', 'период', 'изучить', 'биологический', 'экологический', 'особенность', 'представитель', 'флор', 'характерный', 'зона', 'супралитораль', 'морской', 'брызги', 'вид', 'растение', 'произрастать', 'условие', 'засоление', 'почвогрунт', 'обнаружить', 'ряд', 'вид', 'флор', 'архипелаг', 'являться', 'индикатор', 'наступление', 'фенологический', 'весна', 'среди', 'который', 'растение', 'произрастать', 'преимущественно', 'зона', 'морской', 'брызги', 'ввиду', 'нарастать', 'проблема', 'глобальный', 'потепление', 'климат', 'ярко', 'проявляться', 'арктика', 'довольно', 'большой', 'значение', 'исследование', 'процесс', 'климатический', 'изменение', 'иметь', 'срок', 'наступление', 'вегетационный', 'период', 'растение', 'характерный', 'регион', 'выразить', 'четкий', 'закономерность', 'размещение', 'видовой', 'состав', 'растительный', 'сообщество', 'зависимость', 'климатический', 'условие', 'район', 'исследование', 'показать', 'середина', 'июнь', 'наступать', 'вегетация', 'растение', 'произрастать', 'условие', 'защита', 'воздействие', 'штормовой', 'ветер', 'наиболее', 'ярко', 'проявляться', 'окрестность', 'поселок', 'лонгйир', 'который', 'находиться', 'вершина', 'иса', 'фьорд', 'район', 'пос', 'баренцбург', 'который', 'находиться', 'устье', 'иса', 'фьорд', 'вегетационный', 'период', 'середина', 'июнь', 'характерный']",https://cyberleninka.ru/article/n/flora-nekotoryh-rayonov-zapadnoy-chasti-shpitsbergena-v-nachale-vegetatsionnogo-perioda,,,климатический изменение
"['состояние', 'кормовой', 'баз', 'тихоокеанский', 'лосось', 'берингов', 'море', 'результат', 'работа', 'международный', 'экспедиция']","['берингов', 'море', 'численность', 'биомасса', 'зоопланктон', 'мелкий', 'средний', 'крупный', 'фракция', 'лосось', 'горбуша', 'кета', 'нерка', 'кижуча', 'чавыча', 'питание', 'кормовой', 'база']","['исследование', 'тихоокеанский', 'лосось', 'берингов', 'море', 'программа', 'охватить', 'период', 'теплый', 'холодный', 'данные', 'ледовитость', 'показывать', 'синхронность', 'динамик', 'западный', 'восточный', 'часть', 'море', 'теплый', 'холодный', 'период', 'чередоваться', 'максимум', 'год', 'затем', 'наступить', 'длительный', 'теплый', 'продолжительный', 'холодный', 'который', 'начаться', 'длиться', 'год', 'включая', 'климатический', 'изменение', 'радикально', 'отразиться', 'структура', 'планктонный', 'сообщество', 'восточный', 'часть', 'море', 'доминирование', 'мелкий', 'средний', 'фракция', 'зоопланктон', 'смениться', 'доминирование', 'крупный', 'фракция', 'счет', 'возрастание', 'биомасса', 'массовый', 'вид', 'группа', 'крупный', 'планктон', 'эвфаузиида', 'гипериид', 'копепод', 'сагитта', 'перестройка', 'также', 'адекватно', 'отразиться', 'питание', 'тихоокеанский', 'лосось', 'основа', 'пища', 'горбуша', 'кета', 'нерка', 'составлять', 'сеголеток', 'минтай', 'песчанка', 'мойва', 'личинка', 'камбала', 'малек', 'мелкий', 'придонный', 'рыба', 'нектон', 'личинка', 'краб', 'начинать', 'пища', 'стать', 'преобладать', 'зоопланктон', 'эвфаузиида', 'гипериида', 'крылоногий', 'моллюск', 'западный', 'часть', 'море', 'подобный', 'перестройка', 'планктон', 'питание', 'лосось', 'происходить', 'хотя', 'межгодовой', 'динамика', 'обилие', 'массовый', 'вид', 'группа', 'составлять', 'основа', 'кормовой', 'баз', 'лосось', 'выразить', 'частый', 'весь', 'резкий', 'снижение', 'биомасса', 'численность', 'компенсироваться', 'следующий', 'год', 'менее', 'резкий', 'рост']",https://cyberleninka.ru/article/n/sostoyanie-kormovoy-bazy-tihookeanskih-lososey-v-beringovom-more-v-2003-2012-gg-po-rezultatam-rabot-mezhdunarodnyh-ekspeditsiy-basis-1-i-2,,,климатический изменение
"['экологический', 'тенденция', 'изменение', 'биоразнообразие', 'членистоногий', 'северо', 'восток', 'республика', 'татарстан']","['биоразнообразие', 'интродукция', 'антропогенный', 'аридизация', 'изменение', 'климат', 'красный', 'книга', 'насекомое']","['республика', 'татарстан', 'субъект', 'российский', 'федерация', 'поволжье', 'располагаться', 'зона', 'смешанный', 'лес', 'лесостепной', 'зона', 'определять', 'уникальность', 'биоразнообразие', 'биота', 'однако', 'экологический', 'тенденция', 'начало', 'век', 'оказывать', 'значительный', 'влияние', 'структура', 'важный', 'фактор', 'подобный', 'влияние', 'обусловить', 'антропогенный', 'воздействие', 'глобальный', 'климатический', 'изменение', 'совместный', 'воздействие', 'который', 'усиливать', 'скорость', 'изменение', 'биоразнообразие', 'регион', 'республика']",https://cyberleninka.ru/article/n/ekologicheskie-tendentsii-izmeneniya-bioraznoobraziya-chlenistonogih-na-severo-vostoke-respubliki-tatarstan,,,климатический изменение
"['оценка', 'изменение', 'продолжительность', 'безморозный', 'период', 'ландшафт', 'центральный', 'предкавказие']","['природный', 'ландшафт', 'центральный', 'предкавказье', 'безморозный', 'период', 'зимний', 'состояние', 'ландшафт']","['статья', 'анализироваться', 'тенденция', 'изменение', 'длительность', 'безморозный', 'период', 'ландшафт', 'центральный', 'предкавказие', 'пример', 'ставропольский', 'край', 'последний', 'десятилетие', 'связь', 'современный', 'климатический', 'изменение', 'анализироваться', 'продолжительность', 'безморозный', 'период', 'сравнение', 'предыдущий', 'базовый', 'летие', 'делаться', 'вывод', 'продолжительность', 'безморозный', 'период', 'зональный', 'равнинный', 'ландшафт', 'возрасти', 'день', 'предел', 'полупустынный', 'ландшафт', 'день', 'среднегорный', 'ландшафт', 'лесостепь', 'остепненный', 'луг', 'данный', 'изменение', 'климат', 'привести', 'временной', 'структура', 'ландшафт', 'сократиться', 'доля', 'нивальный', 'состояние', 'возрасти', 'встречаемость', 'бесснежный', 'состояние', 'холодный', 'период']",https://cyberleninka.ru/article/n/otsenka-izmeneniya-prodolzhitelnosti-bezmoroznogo-perioda-v-landshaftah-tsentralnogo-predkavkazya,,,климатический изменение
"['генетический', 'разнообразие', 'дифференциация', 'популяция', 'кедр', 'сибирский', 'южный', 'граница', 'ареал', 'равнинный', 'часть', 'западный', 'сибирь']","['кедр', 'сибирский', 'западный', 'сибирь', 'замыкать', 'граница', 'ареал', 'аллозимный', 'изменчивость', 'генетический', 'дифференциация']","['основание', 'анализ', 'изменчивость', 'аллозимный', 'локус', 'получить', 'оценка', 'генетический', 'изменчивость', 'подразделенность', 'популяция', 'кедр', 'сибирский', 'произрастать', 'замыкать', 'граница', 'ареал', 'переходной', 'зона', 'южный', 'тайга', 'лесостепь', 'западный', 'сибирь', 'современный', 'этап', 'климатический', 'изменение', 'антропогенный', 'воздействие', 'вызвать', 'значительный', 'редукция', 'генетический', 'разнообразие', 'увеличение', 'дифференциация', 'изолировать', 'малочисленный', 'насаждение', 'южный', 'граница', 'распространение', 'равнинный', 'часть', 'ареал', 'кедр', 'сибирский']",https://cyberleninka.ru/article/n/geneticheskoe-raznoobrazie-i-differentsiatsiya-populyatsiy-kedra-sibirskogo-na-yuzhnoy-granitse-areala-v-ravninnoy-chasti-zapadnoy,,,климатический изменение
"['мелиоративный', 'роль', 'дубрава', 'центральный', 'лесостепь']","['лесостепь', 'дубрава', 'овраго', 'балочный', 'система', 'лесомелиорация', 'грунтовый', 'вод', 'естественный', 'зарастание', 'лесополье', 'локализация', 'лес', 'пахота', 'лесоразведение', 'лесной', 'хозяйство', 'мелиорация', 'лесостепь', 'лесомелиоративный', 'мероприятие', 'лесомелиоративный', 'работа']","['аренный', 'байрачный', 'дубрава', 'составлять', 'единый', 'целесообразный', 'каждый', 'этап', 'развитие', 'лесостепь', 'пространственный', 'структура', 'лес', 'оценка', 'отечественный', 'лесовод', 'роль', 'дубовый', 'лес', 'лесостепь', 'иметь', 'больший', 'значение', 'продуктивность', 'лесистость', 'регион', 'должный', 'соответствовать', 'уровень', 'овражный', 'балочный', 'сеть', 'современный', 'состояние', 'овражный', 'балочный', 'система', 'направленность', 'климатический', 'изменение', 'свидетельствовать', 'формирование', 'благоприятный', 'условие', 'естественный', 'заращивания', 'древесный', 'кустарниковый', 'растительность', 'вести', 'стабилизация', 'лесостепной', 'ландшафт', 'настоящий', 'время', 'наблюдаться', 'повышение', 'влагообеспеченность', 'недостаток', 'который', 'ранее', 'являться', 'лимитировать', 'фактор', 'развитие', 'древесный', 'кустарниковый', 'растительность', 'наблюдаться', 'повышение', 'минимальный', 'максимальный', 'сумма', 'осадки', 'повышение', 'уровень', 'грунтовый', 'вода', 'также', 'фиксироваться', 'повсеместно', 'учащаться', 'зимний', 'оттепель', 'сокращение', 'глубина', 'промерзание', 'почва', 'условие', 'практически', 'полный', 'отсутствие', 'испарение', 'сопровождаться', 'переувлажнение', 'почва', 'увеличение', 'запас', 'влага', 'почва', 'одновременный', 'сокращение', 'интенсивность', 'эрозионный', 'процесс', 'способствовать', 'быстрый', 'образование', 'дернина', 'появление', 'самосев', 'древесный', 'кустарниковый', 'порода', 'переводить', 'поверхностный', 'сток', 'внутрипочвенный', 'образ', 'резко', 'снижать', 'линейный', 'эрозия', 'условие', 'лесополье', 'локализация', 'лесной', 'массив', 'пахотный', 'земля', 'являться', 'существенный', 'препятствие', 'естественный', 'реализация', 'процесс', 'связь', 'возникать', 'необходимость', 'разработка', 'научно', 'обоснованный', 'программа', 'широкомасштабный', 'работа', 'содействие', 'естественный', 'облесение', 'овражный', 'балочный', 'система', 'создание', 'новый', 'дубравный', 'лес', 'лесоразведение', 'условие', 'центральный', 'лесостепь', 'определенный', 'интерес', 'представлять', 'создание', 'лесной', 'полоса', 'служащий', 'источник', 'естественно', 'семенной', 'заращивания', 'овражный', 'балочный', 'система']",https://cyberleninka.ru/article/n/meliorativnaya-rol-dubrav-tsentralnoy-lesostepi,,,климатический изменение
"['сравнение', 'онтогенез', 'грушанк', 'центральный', 'северо', 'западный', 'якутия', 'показатель', 'адаптация', 'изменение', 'климат']","['ценопопуляция', 'местообитание', 'онтогенез', 'онтогенетический', 'структура', 'адаптация', 'центральный', 'якутия', 'северо', 'западный', 'якутия', 'климатический', 'фактор']","['статья', 'описать', 'сравнительный', 'характеристика', 'онтегенез', 'подвид', 'грушанк', 'круглолистный', 'определить', 'изучить', 'поливариантность', 'онтогенез', 'грушанк', 'связь', 'изменение', 'климатический', 'условие', 'местообитание', 'выявить', 'адаптивный', 'черта', 'онтогенез', 'выживание', 'экстремальный', 'условие', 'граница', 'ареал']",https://cyberleninka.ru/article/n/sravnenie-ontogeneza-grushanki-v-tsentralnoy-i-severo-zapadnoy-yakutii-kak-pokazatel-adaptatsii-k-izmeneniyu-klimata,адаптация изменение климат,,
"['оценка', 'многолетний', 'динамик', 'водный', 'сток', 'верхний', 'иртыш', 'цель', 'устойчивый', 'водопользование']","['трансграничный', 'река', 'водный', 'сток', 'зарегулированность', 'каскад', 'водохранилище', 'средний', 'годовой', 'сток', 'средний', 'месячный', 'сток', 'внутригодовой', 'перераспределение', 'сток', 'пойменный', 'земля']","['привести', 'результат', 'оценка', 'изменение', 'природный', 'антропогенный', 'происхождение', 'средний', 'годовой', 'средний', 'месячный', 'сток', 'черный', 'иртыш', 'иртыш', 'предел', 'республика', 'казахстан', 'период', 'условие', 'интенсификация', 'водопользование', 'современный', 'климатический', 'изменение', 'показать', 'регулирование', 'сток', 'вод', 'верхнеиртышский', 'каскад', 'водохранилище', 'также', 'изъятие', 'сток', 'верховье', 'территория', 'кнр', 'привести', 'существенный', 'изменение', 'общий', 'водность', 'гидрологический', 'режим', 'верхний', 'иртыш']",https://cyberleninka.ru/article/n/otsenka-mnogoletney-dinamiki-vodnogo-stoka-verhnego-irtysha-v-tselyah-ustoychivogo-vodopolzovaniya,,,климатический изменение
"['эволюция', 'экосистема', 'лесостепной', 'степной', 'зона', 'приенисейский', 'сибирь', 'голоцен', 'данные', 'палеопедологический', 'анализ']","['эволюция', 'экосистема', 'палеоэкосистема', 'палеопочва', 'палеопедокомплекс', 'палеопедологический', 'анализ', 'голоцен']","['статья', 'представить', 'исследование', 'изучение', 'экосистема', 'лесостепной', 'степной', 'зона', 'приенисейский', 'сибирь', 'голоцен', 'результат', 'палеопедологический', 'анализ', 'показать', 'эволюционный', 'смена', 'компонент', 'экосистема', 'зависимость', 'глобальный', 'климатический', 'изменение', 'почва', 'природный', 'сообщество', 'являться', 'репер', 'состояние', 'экосистема', 'разный', 'ранг']",https://cyberleninka.ru/article/n/evolyutsiya-ekosistem-lesostepnoy-i-stepnoy-zon-prieniseyskoy-sibiri-v-golotsene-po-dannym-paleopedologicheskogo-analiza,,,климатический изменение
"['современный', 'тенденция', 'изменение', 'гидротермический', 'режим', 'территория', 'барабинский', 'низменность', 'западный', 'сибирь']","['гидротермический', 'режим', 'климатический', 'изменение', 'барабинский', 'низменность']","['статья', 'рассматриваться', 'особенность', 'распределение', 'основный', 'метеорологический', 'параметр', 'расчетный', 'климатический', 'показатель', 'характеризовать', 'гидротермический', 'режим', 'территория', 'барабинский', 'низменность', 'определяться', 'тренд', 'климатический', 'изменение', 'влияние', 'ландшафт', 'бараб']",https://cyberleninka.ru/article/n/sovremennye-tendentsii-izmeneniya-gidrotermicheskogo-rezhima-na-territorii-barabinskoy-nizmennosti-zapadnaya-sibir,,климатический изменение,климатический изменение
"['природный', 'климатический', 'реконструкция', 'поздний', 'неоплейстоцен', 'голоцен', 'байкальский', 'сибирь', 'результат', 'изучение', 'эоловый', 'морфолитогенез', 'усть', 'селенгинский', 'впадина']","['усть', 'селенгинский', 'впадина', 'эоловый', 'рельеф', 'палеогеографический', 'реконструкция', 'погрести', 'почва', 'климатический', 'изменение']","['основание', 'изучение', 'комплекс', 'субаэральный', 'образование', 'усть', 'селенгинский', 'впадина', 'установить', 'широкий', 'развитие', 'эоловый', 'процесс', 'разновозрастной', 'речной', 'озерный', 'речной', 'терраса', 'получить', 'радиоуглеродный', 'дата', 'погрести', 'почва', 'указывать', 'неоднократный', 'смена', 'климатический', 'условие', 'голоцен', 'самозарастание', 'оголить', 'песок', 'результат', 'снижение', 'антропогенный', 'нагрузка', 'рубеж', 'столетие', 'свидетельствовать', 'стабильность', 'современный', 'климатический', 'условие', 'регион']",https://cyberleninka.ru/article/n/prirodno-klimaticheskie-rekonstruktsii-pozdnego-neopleystotsena-i-golotsena-baykalskoy-sibiri-po-rezultatam-izucheniya-eolovogo,,климатический изменение,
"['русский', 'монгольский', 'алтай', 'особенность', 'макроциркуляционный', 'процесс', 'обеспечивать', 'атмосферный', 'осадок', 'последний', 'тридцатилетие']","['осадок', 'макроциркуляционный', 'процесс', 'русский', 'монгольский', 'алтай']","['основа', 'суточный', 'данные', 'количество', 'выпасть', 'осадки', 'русский', 'монгольский', 'алтай', 'метеорологический', 'станция', 'данные', 'календарь', 'последовательный', 'смена', 'элементарный', 'циркуляционный', 'механизм', 'эцм', 'дзердзеевский', 'определить', 'основной', 'макроциркуляционный', 'процесс', 'обеспечивать', 'атмосферный', 'осадок', 'последний', 'тридцатилетие', 'рассматривать', 'временнóм', 'период', 'дополнительно', 'выделить', 'временныха', 'интервал', 'отвечать', 'смена', 'знак', 'тенденция', 'климатический', 'изменение', 'рубеж', 'тысячелетие', 'территория', 'русский', 'алтай', 'основный', 'количество', 'осадки', 'обеспечить', 'эцм', 'юго', 'западный', 'циклон', 'однако', 'вклад', 'это', 'эцм', 'среднее', 'снизиться', 'это', 'увеличиться', 'вклад', 'эцм', 'совместный', 'влияние', 'арктический', 'антициклон', 'юго', 'западный', 'циклон', 'монгольский', 'алтай', 'значение', 'вклад', 'эцм', 'данные', 'станция', 'разниться', 'равный', 'количество', 'процент', 'отмечаться', 'перераспределение', 'вклад', 'эцм', 'обеспечивать', 'атмосферный', 'осадок', 'север', 'монгольский', 'алтай', 'провести', 'анализ', 'структура', 'распределение', 'осадки', 'тип', 'эцм', 'обеспечивать', 'поступление', 'изучать', 'регион', 'позволить', 'выделить', 'четыре', 'группа', 'станция', 'иметь', 'схожий', 'структура', 'распределение', 'влияние', 'эцм', 'поступление', 'выпадение', 'осадки', 'основание', 'выявить', 'схожий', 'распределение', 'влияние', 'эцм', 'поступление', 'выпадение', 'атмосферный', 'осадки', 'последний', 'десятилетие', 'данные', 'гмс', 'кош', 'агач', 'русский', 'алтай', 'ульгия', 'монгольский', 'алтай', 'представляться', 'возможный', 'использовать', 'наиболее', 'продолжительный', 'ряд', 'данные', 'гмс', 'кош', 'агач', 'оценка', 'поступление', 'осадки', 'северный', 'район', 'монгольский', 'алтай']",https://cyberleninka.ru/article/n/russkiy-i-mongolskiy-altay-osobennosti-makrotsirkulyatsionnyh-protsessov-obespechivayuschih-atmosfernye-osadki-v-poslednee,,,климатический изменение
"['многолетний', 'динамика', 'количество', 'осадки', 'территория', 'костромской', 'область']","['климатический', 'изменение', 'режим', 'увлажнение', 'сумма', 'осадки', 'модель', 'временной', 'ряд']","['провести', 'исследование', 'климатический', 'изменение', 'режим', 'увлажнение', 'территория', 'костромской', 'область', 'весь', 'период', 'инструментальный', 'наблюдение', 'современный', 'метод', 'статистик', 'установить', 'наиболее', 'равномерный', 'являться', 'распределение', 'сумма', 'годовой', 'осадки', 'больший', 'количество', 'центральный', 'южный', 'часть', 'костромской', 'область', 'малый', 'север', 'восток', 'запад']",https://cyberleninka.ru/article/n/mnogoletnyaya-dinamika-kolichestva-osadkov-na-territorii-kostromskoy-oblasti,,климатический изменение,климатический изменение
"['роль', 'изменение', 'солнечный', 'активность', 'состояние', 'озоносфера', 'глобальный', 'затемнение', 'земной', 'атмосфера']","['глобальный', 'затемнение', 'оптический', 'плотность', 'облачность', 'солнечный', 'активность', 'общий', 'содержание', 'озон']","['выявить', 'расположение', 'сегмент', 'земной', 'атмосфера', 'который', 'значимый', 'фактор', 'межгодовой', 'вариация', 'среднемесячный', 'значение', 'оптический', 'плотность', 'облачность', 'являться', 'совпадать', 'время', 'изменение', 'соответствующий', 'значение', 'общий', 'содержание', 'озон', 'число', 'вольф', 'дальнейший', 'увеличение', 'содержание', 'атмосфера', 'парниковый', 'газ', 'влияние', 'изменение', 'эффект', 'глобальный', 'затемнение', 'усиливаться']",https://cyberleninka.ru/article/n/rol-izmeneniy-solnechnoy-aktivnosti-i-sostoyaniya-ozonosfery-v-globalnom-zatemnenii-zemnoy-atmosfery,,,парниковый газ
"['ландшафтный', 'экологический', 'характеристика', 'мерзлотный', 'седловинный', 'болото', 'саган', 'хребет', 'иолго', 'центральный', 'алтай']","['болото', 'горный', 'алтай', 'мерзлота', 'термокарст', 'изменение', 'климат', 'экологический', 'мониторинг']","['изменение', 'экологический', 'условие', 'горный', 'район', 'западный', 'сибирь', 'проявляться', 'динамика', 'различный', 'компонент', 'характеристика', 'уникальный', 'слабо', 'изучить', 'болотный', 'экосистема', 'особенно', 'это', 'касаться', 'болотный', 'массив', 'наличие', 'мерзлота', 'торфяной', 'залежь', 'данный', 'случай', 'изменение', 'экосистема', 'связать', 'непосредственно', 'климат', 'климат', 'зависимый', 'динамика', 'мерзлотный', 'процесс', 'это', 'делать', 'важный', 'объект', 'экологический', 'мониторинг', 'статья', 'даваться', 'ландшафтный', 'характеристика', 'мерзлотный', 'болотный', 'массив', 'центральный', 'часть', 'горный', 'алтай', 'мониторинговый', 'объект', 'современный', 'климатический', 'изменение', 'растительный', 'покров', 'болото', 'представлять', 'довольно', 'пестрый', 'картина', 'гетеротрофный', 'комплекс', 'мезо', 'олиготрофный', 'олиготрофный', 'частично', 'деградировать', 'бугор', 'мезотрофный', 'эумезотрофный', 'неглубокий', 'мочажина', 'некоторый', 'бугров', 'замениться', 'озерко', 'результат', 'таяние', 'мерзлота', 'мелкоконтур', 'ность', 'комплексность', 'мозаичность', 'растительный', 'покров', 'болото', 'обусловить', 'сложный', 'сочетание', 'экологический', 'условие', 'вызвать', 'плоский', 'наклонный', 'расположение', 'массив', 'седловина', 'разнонаправленный', 'поток', 'болотный', 'вода', 'сукцессионный', 'стадия', 'развитие', 'болото', 'весь', 'термокарстовый', 'процесс', 'целое', 'типично', 'плоскобугристый', 'мерзлотный', 'болото']",https://cyberleninka.ru/article/n/landshaftno-ekologicheskaya-harakteristika-merzlotnogo-sedlovinnogo-bolota-u-g-sagany-hrebet-iolgo-tsentralnyy-altay-1,,,климатический изменение
"['математический', 'модель', 'прогнозный', 'расчет', 'образование', 'извлечение', 'свалочный', 'газ', 'закрытый', 'свалка', 'тбо']","['свалочный', 'газ', 'математический', 'модель', 'прогнозный', 'расчет', 'свалка', 'тбо']","['закрытый', 'свалка', 'тбо', 'источник', 'свалочный', 'газ', 'содержать', 'метан', 'который', 'являться', 'парниковый', 'газ', 'одновременно', 'хороший', 'топливо', 'технико', 'экономический', 'оценка', 'проектирование', 'система', 'сбор', 'необходимо', 'надежный', 'прогнозирование', 'количество', 'выполнить', 'сравнение', 'существующий', 'математический', 'модель', 'прогнозный', 'расчет', 'образование', 'извлечение', 'американский', 'украинский', 'восточный', 'европейский', 'существующий', 'модель', 'разработать', 'климатический', 'условие', 'высокий', 'стандарт', 'захоронение', 'отход', 'развитой', 'западный', 'страна', 'применение', 'страна', 'состав', 'отход', 'неразвитый', 'система', 'управление', 'тбо', 'приводить', 'существенный', 'погрешность', 'кроме', 'это', 'существующий', 'модель', 'мочь', 'применяться', 'закрытый', 'свалка', 'тбо', 'условие', 'закрытый', 'российский', 'свалка', 'предложить', 'использовать', 'скорректировать', 'восточный', 'европейский', 'модель', 'учет', 'состояние', 'свалочный', 'грунт', 'момент', 'сооружение', 'система', 'дегазация', 'результат', 'насосный', 'тест', 'условие', 'закрытый', 'свалка', 'новокузнецк', 'экспериментально', 'показать', 'данные', 'экспериментальный', 'исследование', 'наиболее', 'близкий', 'расчетный', 'значение', 'предложить', 'модель', 'время', 'модельный', 'оценка', 'известный', 'модель', 'существенно', 'завысить']",https://cyberleninka.ru/article/n/matematicheskaya-model-dlya-prognoznyh-raschetov-obrazovaniya-i-izvlecheniya-svalochnogo-gaza-na-zakrytyh-svalkah-tbo,,,парниковый газ
"['динамика', 'газовый', 'режим', 'эвтрофный', 'болото']","['эвтрофный', 'болото', 'торфяной', 'залежь', 'сибирь', 'углерод', 'динамика', 'газовый', 'режим', 'парниковый', 'газ', 'биохимический', 'процесс', 'эмиссия']","['настоящий', 'время', 'большой', 'внимание', 'исследователь', 'уделять', 'изучение', 'цикл', 'углерод', 'экосистема', 'биосфера', 'биохимический', 'процесс', 'протекать', 'торфяной', 'залежь', 'определять', 'формирование', 'газовый', 'режим', 'высвобождение', 'углерод', 'вид', 'метан', 'диоксид', 'углерод', 'цель', 'работа', 'исследование', 'динамик', 'газовый', 'состав', 'эмиссия', 'газ', 'эвтрофный', 'болото', 'получить', 'многолетний', 'данные', 'параметр', 'газовый', 'режим', 'торфяной', 'залежь', 'проанализировать', 'влияние', 'биохимический', 'процесс', 'эмиссия', 'парниковый', 'газ']",https://cyberleninka.ru/article/n/dinamika-gazovogo-rezhima-v-evtrofnom-bolote,,парниковый газ,парниковый газ
"['влияние', 'современный', 'климатический', 'изменение', 'гидрологический', 'особенность', 'республика', 'башкортостан']","['изменение', 'климат', 'атмосферный', 'осадок', 'расход', 'вод', 'водность', 'республика', 'башкортостан']","['представить', 'статья', 'анализироваться', 'взаимосвязь', 'годовой', 'сумма', 'атмосферный', 'осадки', 'гидрологический', 'особенность', 'расход', 'вод', 'водность', 'предел', 'республика', 'башкортостан']",https://cyberleninka.ru/article/n/vliyanie-sovremennyh-klimaticheskih-izmeneniy-na-gidrologicheskie-osobennosti-respubliki-bashkortostan,климатический изменение,,
"['реакция', 'ландшафт', 'северный', 'кавказ', 'современный', 'климатический', 'изменение']","['современный', 'климатический', 'изменение', 'ландшафт', 'состояние', 'птк', 'временной', 'структура', 'птк', 'северный', 'кавказ']","['статья', 'анализироваться', 'климатический', 'условие', 'ландшафт', 'северный', 'кавказ', 'год', 'сравнение', 'предыдущий', 'базовый', 'период', 'отмечаться', 'повсеместный', 'рост', 'температура', 'воздух', 'также', 'количество', 'выпадать', 'осадки', 'несмотря', 'это', 'величина', 'коэффициент', 'увлажнение', 'являться', 'интегральный', 'показатель', 'условие', 'внутриландшафтный', 'влагообеспечение', 'измениться', 'крайне', 'незначительно', 'целое', 'климатический', 'изменение', 'проявиться', 'вид', 'однонаправить', 'устойчивый', 'тренд', 'значительный', 'летний', 'колебание', 'температура', 'осадки', 'результат', 'временной', 'структура', 'ландшафт', 'претерпеть', 'существенный', 'изменение', 'позволять', 'сделать', 'вывод', 'стабильность', 'ландшафтный', 'структура', 'регион']",https://cyberleninka.ru/article/n/reaktsiya-landshaftov-severnogo-kavkaza-na-sovremennye-klimaticheskie-izmeneniya,климатический изменение,климатический изменение,климатический изменение
"['реакция', 'полупустынный', 'ландшафт', 'приморский', 'низменность', 'дагестан', 'современный', 'климатический', 'изменение']","['полупустынный', 'ландшафт', 'приморский', 'низменность', 'современный', 'климатический', 'изменение', 'температура', 'осадок', 'коэффициент', 'увлажнение', 'изменчивость', 'климатический', 'условие']","['статья', 'анализироваться', 'климатический', 'условие', 'полупустынный', 'ландшафт', 'приморский', 'низменность', 'дагестан', 'метод', 'математический', 'статистик', 'проанализировать', 'изменение', 'средний', 'годовой', 'температура', 'воздух', 'количество', 'осадки', 'также', 'валовый', 'условие', 'увлажнение', 'период', 'активный', 'вегетация', 'коэффициент', 'увлажнение', 'проанализировать', 'также', 'изменение', 'параметр', 'десятилетие', 'общий', 'черта', 'выявить', 'вклад', 'отдельный', 'сезон', 'месяц', 'изменение', 'годовой', 'температура', 'осадки', 'провести', 'анализ', 'позволять', 'сделать', 'вывод', 'однонаправить', 'тренд', 'изменение', 'температура', 'осадки', 'например', 'рост', 'температура', 'воздух', 'количество', 'осадки', 'отмечаться', 'относительно', 'редко', 'гораздо', 'частый', 'наблюдаться', 'летний', 'разнонаправленный', 'колебание', 'климатический', 'параметр', 'целое', 'несмотря', 'максимальный', 'потепление', 'последний', 'десятилетие', 'пороговый', 'значение', 'климатический', 'параметр', 'например', 'количество', 'осадки', 'коэффициент', 'увлажнение', 'оставаться', 'предел', 'значение', 'который', 'отмечаться', 'рассматривать', 'год', 'результат', 'данный', 'климатический', 'изменчивость', 'предлагаться', 'рассматривать', 'характерный', 'особенность', 'полупустынный', 'ландшафт', 'приморский', 'низменность', 'дагестан']",https://cyberleninka.ru/article/n/reaktsiya-polupustynnyh-landshaftov-primorskoy-nizmennosti-dagestana-na-sovremennye-klimaticheskie-izmeneniya,климатический изменение,климатический изменение,
"['исследование', 'влияние', 'общий', 'циркуляция', 'атмосфера', 'глобальный', 'климат']","['глобальный', 'климат', 'планетарный', 'высотный', 'фронтальный', 'зона', 'климатический', 'изменение']","['настоящий', 'статья', 'рассматриваться', 'влияние', 'планетарный', 'высотный', 'фронтальный', 'зона', 'пвфз', 'изменчивость', 'глобальный', 'климат', 'выявить', 'динамика', 'пвфз', 'различный', 'естественный', 'климатический', 'период', 'состояние', 'земной', 'климатический', 'система', 'оценить', 'статистический', 'значимость']",https://cyberleninka.ru/article/n/issledovanie-vliyaniya-obschey-tsirkulyatsii-atmosfery-na-globalnyy-klimat,,климатический изменение,
"['влияние', 'планетарный', 'высотный', 'фронтальный', 'зона', 'изменение', 'некоторый', 'характеристика', 'климатический', 'режим', 'северный', 'полушарие']","['глобальный', 'климат', 'планетарный', 'высотный', 'фронтальный', 'зона', 'климатический', 'изменение', 'ветровый', 'режим']","['настоящий', 'статья', 'рассматриваться', 'вопрос', 'влияние', 'планетарный', 'высотный', 'фронтальный', 'зона', 'пвфз', 'климатический', 'режим', 'северный', 'полушарие', 'показать', 'динамика', 'площадь', 'пвфз', 'относительно', 'естественный', 'климатический', 'период', 'состояние', 'земной', 'климатический', 'система', 'зкс', 'найти', 'связь', 'динамик', 'площадь', 'пвфз', 'изменение', 'ветровый', 'режим', 'полушарие']",https://cyberleninka.ru/article/n/o-vliyanii-planetarnoy-vysotnoy-frontalnoy-zony-na-izmenenie-nekotoryh-harakteristik-klimaticheskogo-rezhima-na-severnom-polusharii,,климатический изменение,
"['корреляция', 'экосистема', 'лесостепной', 'степной', 'зона', 'сибирь', 'голоцен']","['сибирь', 'природный', 'зона', 'корреляция', 'экосистема', 'палеопочва', 'споровопыльцевый', 'спектр', 'климатический', 'изменение', 'голоцен']","['статья', 'рассмотреть', 'вопрос', 'корреляция', 'палеоэкосистема', 'степной', 'лесостепной', 'природный', 'зона', 'сибирь', 'голоцен', 'современный', 'межледниковья', 'многолетний', 'анализ', 'исследование', 'автор', 'литературный', 'данные', 'позволить', 'выявить', 'корреляционный', 'зависимость', 'формирование', 'экосистема', 'регион', 'сибирь', 'разный', 'природный', 'зона', 'голоцен']",https://cyberleninka.ru/article/n/korrelyatsiya-ekosistem-lesostepnoy-i-stepnoy-zon-sibiri-v-golotsene,,климатический изменение,
"['сопряженность', 'ледовый', 'условие', 'берингов', 'море', 'ледовый', 'условие', 'море', 'восточный', 'сектор', 'арктика', 'тихоокеанский', 'бассейн']","['состояние', 'ледяной', 'покров', 'сопряженность', 'направленность', 'связь', 'заблаговременность']","['анализироваться', 'пространственно', 'временной', 'сопряженность', 'эволюция', 'ледовый', 'условие', 'берингов', 'море', 'ледовый', 'условие', 'море', 'восточный', 'сектор', 'арктика', 'лаптев', 'восточный', 'сибирский', 'чукотский', 'тихоокеанский', 'бассейн', 'охотский', 'японский', 'процесс', 'эволюция', 'ледовый', 'условие', 'акватория', 'берингов', 'море', 'протекать', 'правило', 'противофаза', 'ледовый', 'условие', 'соседний', 'море', 'активный', 'развитие', 'ледяной', 'покров', 'море', 'арктический', 'тихоокеанский', 'бассейн', 'следовать', 'ожидать', 'замедлить', 'формирование', 'берингов', 'море', 'берингов', 'море', 'мочь', 'служить', 'индикатор', 'климатический', 'изменение', 'акватория', 'восточноарктический', 'море', 'море', 'тихоокеанский', 'бассейн', 'однако', 'влияние', 'арктика', 'ледовый', 'условие', 'берингов', 'море', 'вполне', 'однозначно', 'влияние', 'берингов', 'море', 'ледовый', 'условие', 'арктический', 'море', 'частность', 'чукотский', 'море', 'несколько', 'сложный', 'рост', 'ледовитость', 'берингов', 'море', 'правило', 'сопровождаться', 'последующий', 'рост', 'ледовитость', 'чукотский', 'море', 'положительный', 'аномалия', 'ледовитость', 'чукотский', 'море', 'июнь', 'ноябрь', 'приводить', 'снижение', 'ледовитость', 'берингов', 'море', 'декабрь', 'май', 'направленность', 'знак', 'связь', 'ледовый', 'процесс', 'акватория', 'чукотский', 'берингов', 'море', 'зависеть', 'заблаговременность']",https://cyberleninka.ru/article/n/sopryazhennost-ledovyh-usloviy-beringova-morya-s-ledovymi-usloviyami-v-moryah-vostochnogo-sektora-arktiki-i-tihookeanskogo-basseyna,,,климатический изменение
"['влияние', 'современный', 'климатический', 'изменение', 'полупустынный', 'ландшафт', 'приморский', 'низменность', 'дагестан']","['полупустынный', 'ландшафт', 'приморский', 'низменность', 'современный', 'климатический', 'изменение', 'температура', 'осадок', 'коэффициент', 'увлажнение', 'изменчивость', 'климатический', 'условие']","['статья', 'анализироваться', 'климатический', 'условие', 'полупустынный', 'ландшафт', 'приморский', 'низменность', 'дагестан', 'метод', 'математический', 'статистик', 'проанализировать', 'изменение', 'средний', 'годовой', 'температура', 'воздух', 'количество', 'осадки', 'также', 'валовый', 'условие', 'увлажнение', 'период', 'активный', 'вегетация', 'коэффициент', 'увлажнение', 'проанализировать', 'также', 'изменение', 'параметр', 'десятилетие', 'общий', 'черта', 'выявить', 'вклад', 'отдельный', 'сезон', 'месяц', 'изменение', 'годовой', 'температура', 'осадки', 'провести', 'анализ', 'позволять', 'сделать', 'вывод', 'однонаправить', 'тренд', 'изменение', 'температура', 'осадки', 'например', 'рост', 'температура', 'воздух', 'количество', 'осадки', 'отмечаться', 'относительно', 'редко', 'гораздо', 'частый', 'наблюдаться', 'летний', 'разнонаправленный', 'колебание', 'климатический', 'параметр', 'целое', 'несмотря', 'максимальный', 'потепление', 'последний', 'десятилетие', 'пороговый', 'значение', 'климатический', 'параметр', 'например', 'количество', 'осадки', 'коэффициент', 'увлажнение', 'оставаться', 'предел', 'значение', 'который', 'отмечаться', 'рассматривать', 'год', 'результат', 'данный', 'климатический', 'изменчивость', 'предлагаться', 'рассматривать', 'характерный', 'особенность', 'полупустынный', 'ландшафт', 'приморский', 'низменность', 'дагестан']",https://cyberleninka.ru/article/n/vliyanie-sovremennyh-klimaticheskih-izmeneniy-na-polupustynnye-landshafty-primorskoy-nizmennosti-dagestana,климатический изменение,климатический изменение,
"['моделирование', 'стабилизация', 'глобальный', 'климат', 'управляемый', 'выброс', 'стратосферный', 'аэрозоль']","['моделирование', 'климат', 'геоинженерия', 'стабилизация', 'климат']","['течение', 'последний', 'десятилетие', 'наблюдаться', 'изменение', 'климат', 'выражаться', 'глобальный', 'потепление', 'изменение', 'основный', 'связывать', 'антропогенный', 'увеличение', 'количество', 'парниковый', 'газ', 'атмосфера', 'главный', 'статья', 'рассматриваться', 'проблема', 'возможность', 'стабилизация', 'климат', 'современный', 'уровень', 'исследование', 'вестись', 'основа', 'сезонный', 'глобальный', 'совместный', 'трехмерный', 'гидродинамический', 'модель', 'климат', 'включать', 'модель', 'мировой', 'океан', 'реальный', 'глубина', 'конфигурация', 'материк', 'модель', 'эволюция', 'морской', 'лед', 'энерго', 'влагобалансовый', 'модель', 'атмосфера', 'первый', 'этап', 'провести', 'расчет', 'прогнозирование', 'климат', 'использование', 'сценарий', 'рост', 'предложить', 'давать', 'увеличение', 'среднегодовой', 'поверхностный', 'температура', 'атмосфера', 'провести', 'серия', 'расчет', 'оценка', 'возможность', 'стабилизация', 'климат', 'уровень', 'путем', 'управление', 'выброс', 'стратосфера', 'сульфатный', 'аэрозоль', 'отражать', 'рассеивать', 'часть', 'приходящий', 'солнечный', 'излучение', 'вычислить', 'концентрация', 'альбедо', 'аэрозоль', 'позволять', 'стабилизировать', 'среднегодовой', 'температура', 'поверхностный', 'слой', 'атмосфера', 'показать', 'путь', 'невозможно', 'добиться', 'приближение', 'климат', 'существующий', 'хотя', 'значительно', 'ослабить', 'парниковый', 'эффект', 'условие', 'однородный', 'пространство', 'распределение', 'аэрозоль', 'стратосфера', 'стабилизировать', 'средний', 'глобальный', 'температура', 'атмосфера', 'это', 'низкий', 'средний', 'широта', 'климат', 'холодный', 'высокий', 'широта', 'теплый', 'кроме', 'различие', 'иметь', 'сильно', 'выраженный', 'сезонный', 'ход', 'зимний', 'период', 'увеличиваться', 'прекращение', 'выброс', 'аэрозоль', 'привести', 'быстрый', 'увеличение', 'средний', 'глобальный', 'температура', 'атмосфера', 'приближаться', 'значение', 'температура', 'аэрозоль']",https://cyberleninka.ru/article/n/modelirovanie-stabilizatsii-globalnogo-klimata-upravlyaemymi-vybrosami-stratosfernogo-aerozolya,,,парниковый газ
"['деятельность', 'человек', 'атмосфера', 'земля']","['климат', 'потепление', 'климат', 'мировой', 'энергопотребление', 'техногенный', 'нагрев', 'атмосфера', 'орбитальный', 'теория', 'влияние', 'климат', 'парниковый', 'эффект', 'парниковый', 'газ']","['климатический', 'аномалия', 'наблюдаться', 'последний', 'десятилетие', 'ставить', 'вопрос', 'причина', 'возникновение', 'анализироваться', 'циклический', 'изменение', 'палеоклимат', 'точка', 'зрение', 'трактовка', 'аномалия', 'естественный', 'природный', 'явление', 'энергетический', 'поток', 'тепловой', 'баланс', 'земля', 'сопоставляться', 'тепловыделение', 'являться', 'результат', 'хозяйственный', 'деятельность', 'человек', 'планета', 'курс', 'ежегодный', 'прирост', 'мировой', 'производство', 'привести', 'конец', 'столетие', 'недопустимый', 'изменение', 'климат']",https://cyberleninka.ru/article/n/deyatelnost-cheloveka-i-atmosfera-zemli,,парниковый газ,
"['тенденция', 'климатический', 'изменение', 'степной', 'ландшафт', 'западный', 'предкавказие']","['степной', 'ландшафт', 'современный', 'климатический', 'изменение', 'температура', 'осадок', 'коэффициент', 'увлажнение', 'изменчивость', 'климатический', 'условие']","['проанализировать', 'изменение', 'климатический', 'условие', 'предел', 'степной', 'ландшафт', 'западный', 'предкавказие', 'данные', 'метеостанция', 'краснодар', 'выявить', 'тенденция', 'изменение', 'основный', 'климатический', 'параметр', 'температура', 'воздух', 'количество', 'осадки', 'годовой', 'сезонный', 'значение', 'основа', 'анализ', 'коэффициент', 'увлажнение', 'интегральный', 'фактор', 'влиять', 'формирование', 'ландшафтный', 'структура', 'сделать', 'вывод', 'несмотря', 'существенный', 'рост', 'температура', 'последний', 'десятилетие', 'также', 'увеличение', 'количество', 'годовой', 'осадки', 'целое', 'условие', 'увлажнение', 'степной', 'ландшафт', 'западный', 'предкавказие', 'оставаться', 'стабильный']",https://cyberleninka.ru/article/n/tendentsii-klimaticheskih-izmeneniy-v-stepnyh-landshaftah-zapadnogo-predkavkazya,климатический изменение,климатический изменение,
"['динамика', 'изменчивость', 'гидротермический', 'условие', 'прикаспийский', 'зона', 'дагестан', 'сулак', 'самур', 'данные', 'многолетний', 'наблюдение', 'гидрометеостанция']","['климат', 'температурный', 'режим', 'влажность', 'ветровый', 'режим', 'осадок', 'приморский', 'зона', 'сулак', 'самур', 'температура', 'воздух', 'туман', 'многолетний', 'изменение']","['данный', 'статья', 'приводиться', 'краткий', 'характеристика', 'климатический', 'изменение', 'приморский', 'зона', 'дагестан', 'данные', 'многолетний', 'гидрометеорологический', 'наблюдение', 'река', 'сулак', 'река', 'самур', 'приводиться', 'данные', 'температурный', 'ветровый', 'режим', 'осадка', 'режим', 'увлажнение']",https://cyberleninka.ru/article/n/dinamika-izmenchivosti-gidrotermicheskih-usloviy-prikaspiyskoy-zony-dagestana-ot-sulaka-do-samura-po-dannym-mnogoletnih-nablyudeniy,,,климатический изменение
"['исследование', 'современный', 'состояние', 'ресурс', 'влага', 'фон', 'климатический', 'изменение', 'северо', 'восточный', 'склон', 'большой', 'кавказ', 'предел', 'азербайджанский', 'республика']","['изменчивость', 'климат', 'атмосферный', 'осадок', 'повторяемость', 'засуха']","['статья', 'представить', 'результат', 'исследование', 'состояние', 'ресурс', 'влага', 'северо', 'восточный', 'склон', 'большой', 'кавказ', 'вывялить', 'теплый', 'период', 'год', 'многолетний', 'тенденция', 'количество', 'атмосферный', 'осадки', 'изменение', 'фактически', 'произойти', 'также', 'выявить', 'равнина', 'часть', 'рассматривать', 'регион', 'отношение', 'повторяемость', 'сильный', 'очень', 'сильный', 'засуха', 'увеличиться', 'умеренный', 'слабый', 'засуха', 'увеличиться', 'предгорный', 'часть', 'повторяемость', 'сильный', 'очень', 'сильный', 'засуха', 'увеличиться', 'повторяемость', 'умеренный', 'слабый', 'засуха', 'уменьшиться', 'среднегорье', 'повторяемость', 'очень', 'сильный', 'засуха', 'увеличиться', 'повторяемость', 'умеренный', 'слабый', 'засуха', 'уменьшиться', 'высокогорье', 'повторяемость', 'умеренный', 'слабый', 'засуха', 'уменьшиться']",https://cyberleninka.ru/article/n/issledovanie-sovremennogo-sostoyaniya-resursov-vlagi-na-fone-klimaticheskih-izmeneniy-na-severo-vostochnom-sklone-bolshogo-kavkaza-v,климатический изменение,,
"['возможный', 'изменение', 'гидрологический', 'режим', 'цимлянский', 'водохранилище', 'потепление', 'климат']","['водохранилище', 'речной', 'сток', 'климатический', 'изменение', 'гидрологический', 'режим']","['привести', 'результат', 'расчет', 'изменение', 'гидрологический', 'характеристика', 'цимлянский', 'водохранилище', 'случай', 'прогнозировать', 'потепление', 'изменение', 'проточность', 'ледотермический', 'режим', 'минeрализация', 'вод', 'стратификация', 'водный', 'толща', 'реализация', 'наиболее', 'неблагоприятный', 'водоснабжение', 'водопользование', 'сценарий', 'уменьшение', 'слой', 'годовой', 'сток', 'слой', 'сток', 'половодье']",https://cyberleninka.ru/article/n/vozmozhnoe-izmenenie-gidrologicheskogo-rezhima-tsimlyanskogo-vodohranilischa-pri-poteplenii-klimata,,климатический изменение,
"['реконструкция', 'растительность', 'климат', 'предмикулинский', 'позднеледниковья', 'палинологический', 'данные']","['мгинский', 'отложение', 'московский', 'позднеледниковья', 'короткопериодный', 'ландшафтный', 'климатический', 'изменение', 'северо', 'запад', 'восточный', 'европейский', 'равнина']","['представить', 'новый', 'реконструкция', 'изменение', 'растительность', 'климат', 'северо', 'запад', 'восточный', 'европейский', 'равнина', 'этап', 'переход', 'ландшафтный', 'климатический', 'система', 'среднеплейстоценовый', 'оледенение', 'микулинский', 'межледниковья', 'выполнить', 'основа', 'палинологический', 'данные', 'разрез', 'мгинский', 'микулинский', 'межледниковый', 'морской', 'отложение', 'установить', 'принципиальный', 'сходство', 'основный', 'фаза', 'развитие', 'ландшафт', 'климат', 'среднеплейстоценовый', 'позднеледниковья', 'короткопериодный', 'ландшафтный', 'климатический', 'изменение', 'переход', 'валдайский', 'оледенение', 'голоцен', 'позднеледниковья', 'среднеплейстоценовый', 'оледенение', 'включать', 'ярко', 'выраженный', 'климатический', 'фаза', 'потепление', 'соответствовать', 'интерстадиал', 'цайфен', 'север', 'западный', 'европа', 'аналог', 'потепление', 'беллинга', 'аллеред', 'похолодание', 'соответствующий', 'стадиал', 'каттегат', 'аналог', 'похолодание', 'поздний', 'дриас', 'провести', 'исследование', 'показывать', 'короткопериодный', 'климатический', 'флуктуация', 'позднеледниковья', 'валдайский', 'оледенение', 'выразить', 'значительно', 'сильный', 'сходный', 'флуктуация', 'позднеледниковья', 'московский', 'оледенение']",https://cyberleninka.ru/article/n/rekonstruktsiya-rastitelnosti-i-klimata-v-predmikulinskoe-pozdnelednikovie-po-palinologicheskim-dannym,,климатический изменение,климатический изменение
"['динамика', 'ландшафт', 'климат', 'северо', 'запад', 'среднерусский', 'возвышенность', 'голоцен']","['голоцен', 'споров', 'пыльцевой', 'анализ', 'раковинный', 'амеба', 'реконструкция', 'растительность', 'климат', 'среднерусский', 'возвышенность']","['представить', 'новый', 'результат', 'комплексный', 'палеогеографический', 'изучение', 'карстовый', 'суффозионный', 'болото', 'клюква', 'белевский', 'район', 'тульский', 'обл', 'также', 'реконструкция', 'динамик', 'растительность', 'голоцен', 'обусловить', 'климатический', 'изменение', 'воздействие', 'антропогенный', 'фактор', 'согласно', 'получить', 'данные', 'бореальный', 'период', 'голоцен', 'изучать', 'территория', 'распространить', 'сосновый', 'березовый', 'лес', 'вероятно', 'унаследовать', 'перигляциальный', 'растительность', 'поздневалдайский', 'ледниковый', 'эпоха', 'распространение', 'широколиственный', 'лес', 'бассейн', 'верхний', 'ока', 'начаться', 'около', 'кален', 'атлантический', 'период', 'начинать', 'приблизительно', 'кален', 'широколиственный', 'лес', 'дуб', 'липа', 'вяз', 'участие', 'береза', 'стать', 'доминировать', 'компонент', 'растительный', 'покров', 'вплоть', 'последний', 'несколько', 'столетие', 'изменение', 'растительность', 'болото', 'сообщество', 'раковинный', 'амеба', 'свойство', 'торфяной', 'залежь', 'растительный', 'покров', 'окружающий', 'территория', 'указывать', 'климатический', 'условие', 'поздний', 'фаза', 'атлантический', 'период', 'термический', 'максимум', 'голоцен', 'теплый', 'сухой', 'современный', 'возможно', 'счет', 'сокращение', 'количество', 'осадки', 'летний', 'период', 'течение', 'второй', 'половина', 'голоцен', 'наиболее', 'существенный', 'изменение', 'локальный', 'экосистема', 'болото', 'региональный', 'уровень', 'бассейн', 'верхний', 'ока', 'северо', 'запад', 'среднерусский', 'возвышенность', 'произойти', 'кален', 'соответствовать', 'основный', 'рубеж', 'история', 'природный', 'среда', 'голоцен', 'коренной', 'изменение', 'растительный', 'покров', 'произойти', 'исторический', 'время', 'результат', 'хозяйственный', 'деятельность', 'человек', 'видимый', 'распространение', 'период', 'обусловить', 'столько', 'изменение', 'климатический', 'условие', 'сколько', 'влияние', 'антропогенный', 'фактор', 'ель', 'получить', 'конкурентный', 'преимущество', 'уничтожение', 'широколиственный', 'порода']",https://cyberleninka.ru/article/n/dinamika-landshaftov-i-klimata-na-severo-zapade-srednerusskoy-vozvyshennosti-v-golotsene,,,климатический изменение
"['влияние', 'климатический', 'изменение', 'состояние', 'растительный', 'покров', 'северный', 'полярный', 'область', 'россия']","['северный', 'полярный', 'область', 'климатический', 'изменение', 'растительный', 'покров', 'динамика', 'растительность']","['анализ', 'климатический', 'изменчивость', 'период', 'субарктический', 'регион', 'россия', 'использовать', 'база', 'данные', 'температура', 'воздух', 'оценка', 'изменчивость', 'тип', 'растительный', 'покров', 'использовать', 'классификационный', 'схема', 'рассчитать', 'тренд', 'температура', 'воздух', 'летний', 'месяц', 'сумма', 'накопить', 'аномалия', 'температура', 'параллель', 'реперный', 'меридиан', 'который', 'сравниваться', 'экспериментальный', 'период', 'оценка', 'пространственный', 'изменение', 'растительный', 'покров', 'температурный', 'режим', 'выделить', 'район', 'который', 'изменение', 'климат', 'происходить', 'разнонаправленный', 'район', 'ограниченный', 'район', 'расположить', 'район', 'меридиан', 'основный', 'потепление', 'наблюдаться', 'территория', 'расположить', 'восточный', 'таймыр']",https://cyberleninka.ru/article/n/vliyanie-klimaticheskih-izmeneniy-na-sostoyanie-rastitelnogo-pokrova-severnoy-polyarnoy-oblasti-rossii,климатический изменение,климатический изменение,
"['эволюция', 'почва', 'природный', 'среда', 'южный', 'участок', 'восточноевропейский', 'лесостепь', 'пример', 'исследование', 'городище', 'харьковский', 'область']","['голоцен', 'городище', 'лесостепь', 'скифский', 'период', 'почвенный', 'археологический', 'исследование', 'ранний', 'средневековье', 'северский', 'донец', 'реконструкция', 'природный', 'среда']","['статья', 'посвятить', 'почвенный', 'археологический', 'исследование', 'городище', 'лесостепь', 'среднерусский', 'возвышенность', 'который', 'позволить', 'выявить', 'направленность', 'стадиальность', 'позднеголоценовый', 'эволюция', 'растительный', 'покров', 'предел', 'придолинный', 'участок', 'водораздел', 'палеоэкологический', 'реконструкция', 'осуществляться', 'основание', 'сравнительный', 'анализ', 'современный', 'разновозрастной', 'почва', 'погрести', 'оборонительный', 'вал', 'городище', 'скифский', 'время', 'придолинный', 'участок', 'водораздел', 'который', 'стать', 'возникать', 'городище', 'представлять', 'поляна', 'переполяние', 'черноземный', 'почва', 'который', 'окружить', 'лесной', 'растительность', 'второй', 'половина', 'первый', 'тысячелетие', 'лес', 'полностью', 'занять', 'водораздельный', 'участок', 'местность', 'вытеснить', 'степь', 'колебательный', 'характер', 'климатический', 'изменение', 'поздний', 'голоцен', 'отражаться', 'пространственно', 'временной', 'динамика', 'растительный', 'покров', 'почвенный', 'плодородие', 'увлажнение', 'климат', 'начало', 'субатлантический', 'период', 'голоцен', 'способствовать', 'продвижение', 'лес', 'склон', 'речной', 'долина', 'балка', 'водораздел', 'последовать', 'аридизация', 'климат', 'остановить', 'данный', 'процесс', 'новый', 'стадия', 'покрытие', 'лес', 'водораздел', 'обстановка', 'увлажнение', 'климат', 'начаться', 'эпизод', 'аридизация', 'климат', 'остепнение', 'участок', 'территория', 'окрестность', 'городище', 'поздний', 'голоцен', 'способствовать', 'увеличение', 'плодородие', 'почва', 'наступление', 'лес', 'связанный', 'увлажнение', 'климат', 'снижать', 'почвенный', 'плодородие', 'негативно', 'отражаться', 'возможность', 'зерновой', 'хозяйство']",https://cyberleninka.ru/article/n/evolyutsiya-pochv-i-prirodnoy-sredy-na-yuzhnom-uchastke-vostochnoevropeyskoy-lesostepi-na-primere-issledovaniya-gorodisch-harkovskoy,,,климатический изменение
"['выброс', 'парниковый', 'газ', 'водохранилище', 'гэс', 'анализ', 'опыт', 'исследование', 'организация', 'проведение', 'эксперимент', 'россия']","['парниковый', 'газ', 'водохранилище', 'гэс', 'анализ', 'опыт', 'исследование', 'организация', 'эксперимент']","['выполнить', 'анализ', 'исследование', 'выброс', 'парниковый', 'газ', 'поверхность', 'водохранилище', 'мир', 'показать', 'неоднозначность', 'оценка', 'влияние', 'водохранилище', 'эмиссия', 'парниковый', 'газ', 'атмосфера', 'рекомендовать', 'оценка', 'выброс', 'парниковый', 'газ', 'различный', 'водохранилище', 'проводить', 'методика', 'цель', 'создание', 'баз', 'данные', 'результат', 'стандартизированный', 'измерение', 'настоящий', 'время', 'спбгпу', 'разрабатываться', 'программа', 'проведение', 'исследование', 'выброс', 'парниковый', 'газ', 'соответствие', 'методика', 'водохранилище', 'оао', 'русгидро']",https://cyberleninka.ru/article/n/vybrosy-parnikovyh-gazov-s-vodohranilisch-ges-analiz-opyta-issledovaniy-i-organizatsiya-provedeniya-eksperimentov-v-rossii,парниковый газ,парниковый газ,парниковый газ
"['экономический', 'гис', 'оценка', 'растительный', 'потенциал', 'нейтрализация', 'антропогенный', 'выброс', 'углекислый', 'газ', 'ландшафт', 'восточный', 'сибирь']","['стоимость', 'геосистемный', 'функция', 'ландшафтный', 'гис', 'потеря', 'запас', 'углерод']","['основа', 'ландшафтный', 'гис', 'прибайкалье', 'рассчитать', 'потенциальный', 'запас', 'углерод', 'растительный', 'покров', 'карта', 'современный', 'землепользование', 'определить', 'денежный', 'оценка', 'потеря', 'функционирование', 'геосистема', 'точка', 'зрение', 'сток', 'углерод', 'разработать', 'алгоритм', 'автоматизированный', 'картографирование', 'пространственный', 'распределение', 'геосис', 'темный', 'функция', 'предложный', 'способ', 'расчет', 'стоимость', 'функционирование', 'геосистема', 'денежный', 'выражение']",https://cyberleninka.ru/article/n/ekonomicheskaya-gis-otsenka-rastitelnogo-potentsiala-neytralizatsii-antropogennyh-vybrosov-uglekislogo-gaza-v-landshaftah-yuga,,запас углерод,запас углерод
"['зависимость', 'продолжительность', 'неблагоприятный', 'водный', 'явление', 'почвенный', 'гидрогеологический', 'условие']",[],"['статья', 'показать', 'актуальность', 'оценка', 'неблагоприятный', 'водный', 'явление', 'учет', 'конкретный', 'почвенный', 'гидрогеологический', 'условие', 'обосновать', 'водобалансовый', 'методика', 'компьютерный', 'расчет', 'сезонный', 'продолжительность', 'период', 'почвенный', 'засуха', 'переувлажнение', 'получить', 'среднемноголетний', 'значение', 'показатель', 'различный', 'гранулометрический', 'состав', 'почва', 'глубина', 'залегание', 'уровень', 'грунтовый', 'вода', 'данные', 'метеостанция', 'горка', 'отметить', 'климатический', 'изменение', 'последний', 'десятилетие', 'увеличение', 'продолжительность', 'почвенный', 'засуха', 'уменьшение', 'период', 'переувлажнение']",https://cyberleninka.ru/article/n/zavisimost-prodolzhitelnosti-neblagopriyatnyh-vodnyh-yavleniy-ot-pochvennyh-i-gidrogeologicheskih-usloviy,,,климатический изменение
"['моделирование', 'влияние', 'естественный', 'долгопериодный', 'изменчивость', 'северный', 'атлантика', 'формирование', 'аномалия', 'климат']","['естественный', 'антропогенный', 'изменение', 'климат', 'атлантический', 'долгопериодный', 'колебание', 'атлантический', 'мультидекадный', 'осцилляция']","['представить', 'результат', 'моделирование', 'влияние', 'естественный', 'изменчивость', 'система', 'океан', 'атмосфера', 'северный', 'атлантика', 'арктика', 'глобальный', 'климат', 'анализироваться', 'результат', 'численный', 'эксперимент', 'совместный', 'модель', 'общий', 'циркуляция', 'атмосфера', 'верхний', 'перемешать', 'слой', 'океан', 'использование', 'аномальный', 'величина', 'поток', 'тепло', 'океан', 'атмосфера', 'согласно', 'получить', 'результат', 'собственный', 'долгопериодный', 'изменчивость', 'северный', 'атлантика', 'атлантический', 'сектор', 'арктика', 'объяснить', 'около', 'половина', 'величина', 'рост', 'приповерхностный', 'температура', 'северный', 'полушарие', 'последний', 'треть', 'отметить', 'важный', 'вклад', 'это', 'вносить', 'аномальный', 'поток', 'тепло', 'арктика', 'который', 'обычно', 'учитываться', 'моделирование', 'эффект', 'долгопериодный', 'колебание', 'северный', 'атлантика', 'результат', 'численный', 'эксперимент', 'подтверждать', 'вывод', 'значимый', 'роль', 'естественный', 'изменчивость', 'северный', 'атлантика', 'арктика', 'формирование', 'региональный', 'глобальный', 'изменение', 'климат', 'именно', 'недостаточный', 'учет', 'отметить', 'эффект', 'мочь', 'связать', 'существенный', 'переоценка', 'чувствительность', 'некоторый', 'глобальный', 'климатический', 'модель', 'увеличение', 'концентрация', 'парниковый', 'газ', 'атмосфера']",https://cyberleninka.ru/article/n/modelirovanie-vliyaniya-estestvennoy-dolgoperiodnoy-izmenchivosti-v-severnoy-atlantike-na-formirovanie-anomaliy-klimata,,,парниковый газ
"['характеристика', 'зимний', 'азиатский', 'антициклон', 'фон', 'настоящий', 'климатический', 'изменение']","['циркуляционный', 'система', 'северный', 'полушарие', 'атмосфера', 'северный', 'атлантика', 'зимний', 'азиатский', 'антициклон']","['изучить', 'динамика', 'интенсивность', 'азиатский', 'антициклон', 'возможно', 'зимний', 'азиатский', 'антициклон', 'вносить', 'дисбаланс', 'синхронность', 'колебание', 'давление', 'центр', 'действие', 'атмосфера', 'северный', 'атлантика', 'усиление', 'мочь', 'объяснить', 'уменьшение', 'занимать', 'площадь', 'существенный', 'западный', 'смещение', 'видимый', 'свидетельствовать', 'ослабление', 'влияние']",https://cyberleninka.ru/article/n/harakteristika-zimnego-aziatskogo-antitsiklona-na-fone-nastoyaschih-klimaticheskih-izmeneniy,климатический изменение,,
"['климатический', 'изменение', 'бассейн', 'нижний', 'волга', 'влияние', 'состояние', 'экосистема']","['температура', 'воздух', 'сумма', 'осадки', 'климатический', 'изменение', 'пойменный', 'экосистема', 'динамика', 'растительность']","['бассейн', 'нижний', 'волга', 'выявить', 'основной', 'тенденция', 'климатический', 'изменение', 'воздействие', 'динамика', 'экосистема', 'результат', 'получить', 'основание', 'анализ', 'многолетний', 'метеорологический', 'характеристика', 'средний', 'максимальный', 'минимальный', 'температура', 'воздух', 'сумма', 'осадки', 'сезон', 'год', 'установление', 'предполагать', 'изменение', 'наземный', 'экосистема', 'ландшафт', 'выявить', 'основной', 'направление', 'совокупный', 'воздействие', 'изменение', 'влажностный', 'температурный', 'режим', 'бассейн', 'нижний', 'волга', 'установить', 'общий', 'направление', 'динамик', 'наземный', 'экосистема', 'связь', 'это']",https://cyberleninka.ru/article/n/klimaticheskie-izmeneniya-v-basseyne-nizhney-volgi-i-ih-vliyanie-na-sostoyanie-ekosistem,климатический изменение,климатический изменение,климатический изменение
"['динамика', 'мерзлотный', 'гидрогеологический', 'условие', 'территория', 'стационар', 'туймаада', 'якутск']","['сезонноталый', 'слой', 'надмерзлотный', 'вод', 'криогенный', 'концентрирование', 'опреснение', 'перезимок']","['ввиду', 'неглубокий', 'залегание', 'дневный', 'поверхность', 'надмерзлотный', 'вод', 'активно', 'реагировать', 'климатический', 'изменение', 'различный', 'техногенный', 'вмешательство', 'рассмотреть', 'фактор', 'температура', 'воздух', 'особенность', 'рельеф', 'влиять', 'режим', 'динамика', 'слой', 'сезонный', 'протаивания', 'грунт', 'надмерзлотный', 'вода', 'слабонарушенный', 'условие', 'провести', 'анализ', 'показать', 'незначительный', 'площадь', 'участок', 'существовать', 'различие', 'мощность', 'слой', 'сезонный', 'протаивания', 'грунт', 'температура', 'порода', 'слой', 'годовой', 'теплооборот', 'также', 'увеличение', 'минерализация', 'надмерзлотный', 'вода', 'условие', 'сохранение', 'водоносный', 'горизонт', 'зимний', 'период']",https://cyberleninka.ru/article/n/dinamika-merzlotno-gidrogeologicheskih-usloviy-na-territorii-statsionara-tuymaada-g-yakutsk,,,климатический изменение
"['перспектива', 'дендрохронологический', 'исследование', 'палеоклимат', 'район', 'дельта', 'лена']","['дендрохронология', 'восточный', 'сибирь', 'дельта', 'лена', 'арктический', 'плавник', 'палеоклиматология', 'палеоклиматический', 'архив', 'погрести', 'древесина']","['способ', 'реконструкция', 'палеоклимат', 'являться', 'дендрохронологический', 'измерение', 'сегодняшний', 'день', 'существовать', 'лишь', 'несколько', 'регион', 'который', 'стать', 'возможный', 'построение', 'древесный', 'кольцевой', 'хронология', 'чувствительный', 'климатический', 'изменение', 'охватывать', 'период', 'длительность', 'тысяча', 'год', 'явный', 'пробел', 'глобальный', 'распределение', 'длительный', 'региональный', 'хронология', 'заставлять', 'ученый', 'искать', 'возможность', 'построение', 'новый', 'временной', 'серия', 'повышение', 'качество', 'реконструкция', 'климат', 'прошлое', 'основа', 'годичный', 'кольцо', 'дерево', 'представить', 'оценка', 'потенциал', 'проведение', 'дендроклиматический', 'исследование', 'район', 'дельта', 'лен', 'основа', 'материал', 'экспедиционный', 'работа', 'обсуждаться', 'возможность', 'построение', 'длительный', 'хронология', 'север', 'якутия', 'который', 'мочь', 'стать', 'ключевой', 'палеоклиматический', 'реконструкция', 'региональный', 'глобальный', 'уровень', 'рассматриваться', 'перспективность', 'использование', 'плавник', 'палеоклиматический', 'архив', 'весь', 'циркумполярный', 'область', 'северный', 'полушарие', 'предлагаться', 'рассмотрение', 'несколько', 'исследовательский', 'направление', 'задача', 'уникальный', 'свой', 'потенциал', 'регион', 'дельта', 'лен']",https://cyberleninka.ru/article/n/perspektivy-dendrohronologicheskih-issledovaniy-paleoklimata-v-rayone-delty-r-leny,,,климатический изменение
"['биохимический', 'мониторинг', 'арктический', 'море', 'россия', 'условие', 'климатический', 'изменение']","['ледовый', 'экосистема', 'взвесить', 'растворить', 'органический', 'вещество', 'биохимический', 'состав', 'органический', 'углерод', 'активность', 'фермент', 'продукционный', 'деструкционный', 'процесс']","['провести', 'анализ', 'количество', 'биохимический', 'состав', 'растворить', 'взвесить', 'органический', 'вещество', 'также', 'скорость', 'трансформация', 'арктический', 'море', 'россия', 'отметить', 'больший', 'изменчивость', 'концентрация', 'показать', 'максимальный', 'концентрация', 'растворить', 'взвесить', 'характерный', 'белый', 'карский', 'море', 'минимальный', 'восточносибирский', 'море', 'скорость', 'окисление', 'максимальный', 'различный', 'фронтальный', 'зона', 'образовать', 'вода', 'разный', 'генезис', 'также', 'таяние', 'сезонный', 'лед', 'показать', 'экосистема', 'арктический', 'море', 'несмотря', 'низкий', 'температура', 'происходить', 'интенсивный', 'преобразование', 'автохтонный', 'аллохтонный', 'связать', 'низкий', 'энергия', 'активация', 'процесс', 'окисление', 'гидролитический', 'расщепление', 'психрофильный', 'гидробионт', 'вода', 'основный', 'биохимический', 'компонент', 'растворить', 'арктический', 'море', 'являться', 'углевод', 'липид', 'взвесить', 'белок', 'углевод']",https://cyberleninka.ru/article/n/biohimicheskiy-monitoring-arkticheskih-morey-rossii-v-usloviyah-klimaticheskih-izmeneniy,климатический изменение,,
"['анализ', 'изменение', 'сток', 'бассейн', 'предел', 'казахстан', 'китай', 'связь', 'климатический', 'изменение']","['изменение', 'сток', 'период', 'инструментальный', 'измерение', 'влияние', 'климат', 'восстановить', 'естественный', 'сток', 'базовый', 'период']","['приводиться', 'метод', 'оценка', 'изменение', 'сток', 'приток', 'период', 'инструментальный', 'измерение', 'предел', 'китай', 'казахстан', 'связь', 'изменение', 'климат', 'анализ', 'изменение', 'сток', 'показать', 'бытовой', 'сток', 'река', 'граница', 'казахстан', 'китай', 'период', 'год', 'выше', 'сток', 'базовый', 'период', 'среднее']",https://cyberleninka.ru/article/n/analiz-izmeneniya-stoka-v-basseyne-r-ili-v-predelah-kazahstana-i-kitaya-v-svyazi-s-klimaticheskimi-izmeneniyami,климатический изменение,,
"['оценка', 'наблюдать', 'ожидать', 'середина', 'век', 'климатический', 'изменение', 'водосбор', 'крупный', 'водохранилище', 'гэс', 'россия']","['изменение', 'климат', 'гидроэнергетик', 'сток', 'климатический', 'модель']","['представить', 'комплексный', 'оценка', 'тенденция', 'изменение', 'климатический', 'гидрологический', 'условие', 'современный', 'период', 'перспектива', 'зона', 'водохранилище', 'крупный', 'отечественный', 'гидроэлектростанция', 'гэс', 'цель', 'уточнение', 'режим', 'работа', 'предотвращение', 'неблагоприятный', 'последствие', 'изменение', 'климат', 'гидроэнергетик']",https://cyberleninka.ru/article/n/otsenka-nablyudaemyh-i-ozhidaemyh-k-seredine-xxi-veka-klimaticheskih-izmeneniy-na-vodosborah-krupnyh-vodohranilisch-ges-rossii,климатический изменение,,
"['алгоритм', 'определение', 'величина', 'выброс', 'парниковый', 'газ', 'закись', 'азот', 'украина']","['твердый', 'бытовой', 'отход', 'тбо', 'сточный', 'вод', 'величина', 'выброс', 'метан', 'полигон', 'тбо', 'промышленный', 'хозяйственно', 'бытовой', 'закись', 'азот', 'промышленный', 'жизнедеятельность', 'население']","['статья', 'предложить', 'алгоритм', 'который', 'являться', 'формализованный', 'описание', 'вычислительный', 'схема', 'определение', 'величина', 'выброс', 'метан', 'закись', 'азот', 'украина', 'это', 'предусматривать', 'расчет', 'величина', 'выброс', 'метан', 'полигон', 'твердый', 'бытовой', 'отход', 'промышленный', 'хозяйственно', 'бытовой', 'сточный', 'вода', 'также', 'закись', 'азот', 'промышленный', 'сточный', 'вода', 'жизнедеятельность', 'население', 'рассматривать', 'алгоритм', 'ориентировать', 'действовать', 'украина', 'национальный', 'система', 'оценка', 'антропогенный', 'выброс', 'поглощение', 'парниковый', 'газ', 'также', 'подготовка', 'кадастр', 'соответствие', 'нормативный', 'документ', 'украина', 'регламентировать', 'подготовка', 'национальный', 'сообщение']",https://cyberleninka.ru/article/n/algoritmy-opredeleniya-velichin-vybrosov-parnikovyh-gazov-i-zakisi-azota-v-ukraine,парниковый газ,,парниковый газ
"['масштаб', 'депонирование', 'эмиссия', 'углерод', 'территория', 'республика', 'алтай']","['республика', 'алтай', 'экосистема', 'баланс', 'углерод', 'годовой', 'сток', 'депонирование', 'эмиссия', 'облесение', 'земля', 'экологический', 'мониторинг']","['статья', 'привести', 'предварительный', 'результат', 'оценка', 'современный', 'пул', 'углерод', 'уровень', 'депонирование', 'экосистема', 'республика', 'алтай', 'показать', 'превалирование', 'горный', 'лесной', 'экосистема', 'наметить', 'основной', 'источник', 'масштаб', 'эмиссия', 'углерод', 'территория', 'регион', 'сделать', 'вывод', 'положительный', 'баланс', 'углерод', 'весь', 'экосистема', 'регион', 'уровень', 'эмиссия', 'эква', 'гачгод', 'территория', 'самый', 'низкий', 'российский', 'федерация']",https://cyberleninka.ru/article/n/masshtaby-deponirovaniya-i-emissii-ugleroda-na-territorii-respubliki-altay,эмиссия углерод,,эмиссия углерод
"['проблема', 'эффективный', 'использование', 'ресурсный', 'потенциал', 'российский', 'арктика']","['арктика', 'нефтяной', 'газовый', 'ресурс', 'устойчивый', 'развитие', 'полуостров', 'ямал', 'сельский', 'хозяйство', 'арктический', 'зона']","['статья', 'рассмотреть', 'проблема', 'устойчивый', 'развитие', 'российский', 'арктика', 'контекст', 'национальный', 'исторический', 'опыт', 'особый', 'внимание', 'уделить', 'стратегия', 'использование', 'ресурсный', 'потенциал', 'регион', 'условие', 'глобальный', 'климатический', 'изменение', 'условие', 'высокий', 'степень', 'зависимость', 'морской', 'добыча', 'нефть', 'газ', 'арктика', 'зарубежный', 'технология', 'оборудование', 'нарастать', 'дефицит', 'финансовый', 'ресурс', 'неустойчивость', 'глобальный', 'энергетический', 'рынок', 'необходимо', 'конкретизировать', 'путь', 'обеспечение', 'устойчивость', 'развитие', 'арктический', 'регион', 'россия', 'основа', 'экономический', 'исторический', 'пример', 'исследовать', 'комплекс', 'проблема', 'определять', 'устойчивый', 'развитие', 'арктический', 'зона', 'россия', 'частность', 'пример', 'ненецкий', 'автономный', 'округ', 'оцениваться', 'возможность', 'расширение', 'освоение', 'нефтегазовый', 'месторождение', 'суша', 'прибрежный', 'зона', 'анализ', 'концептуальный', 'документ', 'оон', 'окружающий', 'среда', 'развитие', 'показывать', 'международный', 'обязательство', 'принять', 'страна', 'мир', 'ожидать', 'позитивный', 'эффект', 'ххi', 'полный', 'мера', 'выполнить', 'иметь', 'высокий', 'зависимость', 'состояние', 'глобальный', 'климат', 'время', 'исследование', 'исторический', 'опыт', 'освоение', 'российский', 'арктика', 'показать', 'возможность', 'устойчивый', 'развитие', 'своевременный', 'корректировка', 'соответствующий', 'государственный', 'стратегия', 'сделать', 'вывод', 'санкционный', 'давление', 'запад', 'нефтяной', 'газовый', 'промышленность', 'россия', 'сталкиваться', 'свой', 'развитие', 'многочисленный', 'препятствие', 'который', 'мочь', 'повлиять', 'устойчивость', 'развитие', 'регион', 'состояние', 'глобальный', 'климат', 'условие', 'необходимо', 'приоритетный', 'освоение', 'сухопутный', 'береговой', 'месторождение', 'нефть', 'газ', 'также', 'развитие', 'связанный', 'железнодорожный', 'инфраструктура']",https://cyberleninka.ru/article/n/problemy-effektivnogo-ispolzovaniya-resursnogo-potentsiala-rossiyskoy-arktiki,,,климатический изменение
